audio_filepath,speaker_id,language,duration_sec,pitch_mean_hz,pitch_std_hz,pitch_min_hz,pitch_max_hz,rms_mean,rms_std,zcr_mean,zcr_std,spectral_centroid_mean_hz,spectral_centroid_std_hz,mfcc_1,mfcc_2,mfcc_3,mfcc_4,mfcc_5,mfcc_6,mfcc_7,mfcc_8,mfcc_9,mfcc_10,mfcc_11,mfcc_12,mfcc_13
data_pipeline/raw/hi/hi_001_S4259997700308565.flac,S4259997700308565,hi,25.694,243.72512067107957,25.640240510655474,198.8480847635095,330.5801272616847,0.07433576881885529,0.045846860855817795,0.09026210305105853,0.045591748788286694,1438.1229390051094,491.83105124470677,-215.93551635742188,114.89683532714844,-28.285114288330078,21.022836685180664,-18.6854305267334,-14.715277671813965,-12.895025253295898,-8.205414772033691,-10.817392349243164,-5.148763656616211,-5.32242488861084,-19.45787811279297,-0.49019941687583923
data_pipeline/raw/hi/hi_002_S4259997700308565.flac,S4259997700308565,hi,21.849,233.06303018026762,26.306864817723934,192.07458901020084,330.5801272616847,0.05564603954553604,0.03685734048485756,0.09270266174048317,0.056592856025132365,1433.5380623308154,610.7028855050661,-286.1362609863281,107.54039764404297,-17.901134490966797,21.748411178588867,-21.84568977355957,2.6619558334350586,-20.905603408813477,-11.293347358703613,-10.757646560668945,-0.3333301544189453,-11.487129211425781,-5.233097553253174,-1.389999508857727
data_pipeline/raw/hi/hi_003_S4259997700308565.flac,S4259997700308565,hi,18.139,221.37720727720267,30.714899837505325,77.55723809168673,321.1691527453505,0.045680951327085495,0.02760830707848072,0.09388778659611993,0.050043598262686416,1537.58384695791,565.285573595312,-280.92388916015625,102.176025390625,-14.08230209350586,14.994791984558105,-24.145565032958984,12.775836944580078,-26.962963104248047,-7.681230545043945,-10.22917366027832,-9.703080177307129,-5.735359191894531,-9.216153144836426,-3.119954824447632
data_pipeline/raw/hi/hi_004_S4259161200398412.flac,S4259161200398412,hi,1.311,134.03886837195404,7.171560330832632,125.99210498948732,145.56531828421873,0.029258757829666138,0.01261669397354126,0.031118997713414635,0.008137006059078937,1228.5134780620824,512.740947613482,-362.1555480957031,108.58602905273438,35.71862030029297,8.183174133300781,8.034891128540039,0.2661512494087219,2.2496070861816406,-4.946539878845215,-13.191720008850098,-10.1691255569458,-14.540680885314941,-0.2176157385110855,-15.104351997375488
data_pipeline/raw/hi/hi_005_S4259161200398412.flac,S4259161200398412,hi,0.832,135.49664548708216,7.041435899949848,114.20823393107715,143.893358001082,0.019874870777130127,0.01018972136080265,0.14339192708333334,0.18275364057767937,1847.4129827847908,1519.3608323897224,-373.6138610839844,92.54143524169922,41.45087814331055,11.436047554016113,7.3155951499938965,1.719685673713684,-11.937962532043457,-3.521570920944214,-8.011049270629883,4.237575054168701,-14.371968269348145,-4.782448768615723,-8.989462852478027
data_pipeline/raw/hi/hi_006_S4259161200398412.flac,S4259161200398412,hi,1.984,81.147884293336,29.016906679929665,51.76324619206888,193.1872657849691,0.02234051190316677,0.009108336642384529,0.08351934523809523,0.11152370179606137,1593.9662386371976,935.6937874676595,-360.2914123535156,98.70800018310547,20.873088836669922,20.73188018798828,23.489505767822266,-3.5411181449890137,-7.867887020111084,-12.746187210083008,-2.084444284439087,-13.5101318359375,-17.732471466064453,-4.772563457489014,-11.33831787109375
data_pipeline/raw/hi/hi_007_S4258240200343210.flac,S4258240200343210,hi,0.671,140.13143266777405,11.298363523283449,111.59971426302234,170.13343219017113,0.04619831591844559,0.018141459673643112,0.056338355654761904,0.02120591802659962,1267.786734035557,327.3260324507574,-287.6409912109375,114.53484344482422,-4.003108501434326,28.504684448242188,5.338990211486816,-5.392455101013184,11.284676551818848,-15.314600944519043,0.6827263832092285,-8.266132354736328,1.8341782093048096,-6.86852502822876,-2.8113622665405273
data_pipeline/raw/hi/hi_008_S4258240200343210.flac,S4258240200343210,hi,12.116,146.33436231511914,14.764970898994958,104.12621525348065,197.70280407057922,0.024633200839161873,0.01135031133890152,0.09148380812994723,0.07188185202800015,1705.2651255292367,822.2459602160212,-307.07470703125,89.60047912597656,4.57335901260376,40.41242218017578,12.121634483337402,-6.309974193572998,3.898292303085327,-11.437033653259277,-2.0049965381622314,-4.2603230476379395,-1.7212469577789307,-3.136646032333374,1.3347830772399902
data_pipeline/raw/hi/hi_009_S4258240200343210.flac,S4258240200343210,hi,0.582,131.89311950654056,19.494697745567105,87.05505632961241,171.11900513652043,0.024228112772107124,0.01312660239636898,0.05096114309210526,0.026478415478046153,1368.95185431689,414.94922985445817,-337.44317626953125,103.9468765258789,3.9235639572143555,33.48991394042969,16.191539764404297,0.6788384318351746,4.0482282638549805,-16.227554321289062,-3.3996665477752686,3.2953193187713623,0.3425753116607666,-9.768148422241211,-2.476088523864746
data_pipeline/raw/hi/hi_010_S4259552600341552.flac,S4259552600341552,hi,0.866,148.48970232325465,19.003398796068936,129.68395546510095,174.11011265922482,0.1409628838300705,0.09582912921905518,0.07997349330357142,0.025927345908971576,1050.139460275503,150.4092981547973,-172.68727111816406,155.67953491210938,-25.914108276367188,-23.1062068939209,-28.199678421020508,2.9307315349578857,0.417510986328125,-13.023157119750977,-16.120824813842773,1.8737541437149048,-4.444945335388184,-2.9260659217834473,-31.960922241210938
data_pipeline/raw/hi/hi_011_S4259552600341552.flac,S4259552600341552,hi,0.794,167.30331784717848,23.641677732895392,131.9507910772894,203.49593842053727,0.07666068524122238,0.04295113682746887,0.0716796875,0.01712746974093262,895.9117907740097,150.7201955485801,-247.65737915039062,191.29022216796875,-60.87948226928711,19.609899520874023,-34.358123779296875,-15.720681190490723,18.10331916809082,-36.550594329833984,-17.276762008666992,-17.381200790405273,-16.63894271850586,3.0335662364959717,-5.641046524047852
data_pipeline/raw/hi/hi_012_S4259552600341552.flac,S4259552600341552,hi,0.743,,,,,0.13425211608409882,0.06547234207391739,0.09946695963541667,0.025323036091568794,994.1807485400137,147.33295383639367,-226.3509521484375,194.69757080078125,-94.51847076416016,-23.04499626159668,-37.33903884887695,-12.026209831237793,11.566256523132324,-27.367074966430664,-7.539273738861084,-10.719746589660645,-2.7640762329101562,2.5361735820770264,-14.258106231689453
data_pipeline/raw/hi/hi_013_S4259918700378788.flac,S4259918700378788,hi,8.033,174.6273830329398,27.622535973461932,131.19081044374488,228.41646786215435,0.04350632056593895,0.03811467066407204,0.13681175595238096,0.11756956943960188,1912.687583459264,1122.1539578328184,-319.198486328125,91.57194519042969,-5.535910606384277,-10.207138061523438,9.879610061645508,-5.252659320831299,12.577099800109863,3.1135971546173096,-27.302892684936523,-13.536945343017578,-14.664610862731934,-4.9361066818237305,-27.446081161499023
data_pipeline/raw/hi/hi_014_S4259918700378788.flac,S4259918700378788,hi,17.685,158.77652042445544,15.57397009040389,105.33610359548358,200.0,0.03569592908024788,0.02241293340921402,0.10727971716772151,0.0967315281802904,1648.5185070981472,992.5123350386627,-328.722412109375,97.61770629882812,12.648292541503906,-1.1493420600891113,3.7989578247070312,2.7807421684265137,3.2312824726104736,-1.8945138454437256,-23.197444915771484,-18.699155807495117,-13.80987548828125,-1.7778629064559937,-20.169599533081055
data_pipeline/raw/hi/hi_015_S4259918700378788.flac,S4259918700378788,hi,17.824,171.1290499094465,12.319479703999114,128.9370308439579,229.73967099940702,0.03814544156193733,0.02478199079632759,0.10589665238575269,0.08245323975819498,1743.1270894744996,862.6697683194025,-301.223388671875,88.44556427001953,1.7011915445327759,7.807433605194092,2.7496535778045654,0.5912994146347046,-0.42969831824302673,-9.504968643188477,-18.50432777404785,-25.44914436340332,-7.268986225128174,-0.9559850096702576,-23.470867156982422
/Users/adityasingh/Projects/Vocal-X/data_pipeline/raw/bn/bn_001_S4259758000344036.flac,S4259758000344036,bengali,10.868,231.14464021077518,29.102192654794514,165.29006363084235,303.14331330207966,0.06828904896974564,0.04681425541639328,0.13879250919117647,0.08008078373772179,1775.7875365299783,691.7687556473979,-181.11129760742188,88.78044891357422,-15.734306335449219,0.6070689558982849,-21.81928062438965,-1.7441679239273071,-16.668453216552734,-12.316983222961426,-9.349886894226074,-9.677006721496582,-7.0823845863342285,-14.941032409667969,-7.392074108123779
/Users/adityasingh/Projects/Vocal-X/data_pipeline/raw/bn/bn_002_S4259758000344036.flac,S4259758000344036,bengali,15.233,207.68713988243044,23.682947244574905,156.0130452026747,276.38257599355524,0.050510797649621964,0.03239915147423744,0.1289850710822851,0.07226209944200469,1706.1075185756813,618.7508933264246,-194.0221405029297,93.91817474365234,-17.53351402282715,3.410353899002075,-18.716426849365234,2.7704970836639404,-13.990734100341797,-10.266237258911133,-6.6481099128723145,-7.628133296966553,-5.127915859222412,-15.183501243591309,-7.847386837005615
/Users/adityasingh/Projects/Vocal-X/data_pipeline/raw/bn/bn_003_S4259758000344036.flac,S4259758000344036,bengali,4.253,202.31652651577852,18.51235310264025,153.33283446696007,243.40070273411817,0.04485754296183586,0.016864432021975517,0.12256593632518797,0.05560967462543983,1693.3121236423815,576.5277957754946,-195.5666046142578,95.27913665771484,-11.495291709899902,7.563704013824463,-15.693452835083008,-2.3101494312286377,-10.865399360656738,-11.66932487487793,-6.840059280395508,-8.135385513305664,-4.793235778808594,-14.266221046447754,-8.24478530883789
/Users/adityasingh/Projects/Vocal-X/data_pipeline/raw/bn/bn_004_S4257409800358613.flac,S4257409800358613,bengali,0.401,246.49863051344133,5.741816355035793,240.60500721642333,254.91212546385245,0.12242349982261658,0.05809660628437996,0.09352463942307693,0.01751605731335622,1133.1423827325902,216.9886813433205,-238.15733337402344,166.33819580078125,-96.34197235107422,-22.937593460083008,-53.752525329589844,-30.607566833496094,11.327716827392578,-27.011091232299805,-0.31468793749809265,0.49061447381973267,-15.970998764038086,1.8642572164535522,-0.7567175626754761
/Users/adityasingh/Projects/Vocal-X/data_pipeline/raw/bn/bn_005_S4257409800358613.flac,S4257409800358613,bengali,12.448,279.88976711801484,55.6994058860422,156.91681957935012,464.81823478313584,0.10827858000993729,0.06913256645202637,0.1141826923076923,0.054706415219557034,1286.937554005944,470.77947271844266,-260.00689697265625,122.31668853759766,-57.60050582885742,27.116992950439453,-37.0599365234375,-42.77183532714844,6.9413018226623535,-27.041810989379883,-7.717126846313477,-1.7001723051071167,-18.966083526611328,-1.6535238027572632,-4.166069984436035
/Users/adityasingh/Projects/Vocal-X/data_pipeline/raw/bn/bn_006_S4257409800358613.flac,S4257409800358613,bengali,5.726,277.88975481662044,44.66746004940231,178.17974362806785,354.3070076409443,0.1049288883805275,0.05976280942559242,0.10235084235335196,0.0397699393808593,1231.3839575641246,360.0081349313652,-255.52484130859375,135.6575164794922,-62.101890563964844,22.64670753479004,-42.58112335205078,-43.55181121826172,6.045670509338379,-28.116432189941406,-3.694025754928589,-0.481244295835495,-20.069242477416992,-1.3130398988723755,-3.38710618019104
/Users/adityasingh/Projects/Vocal-X/data_pipeline/raw/bn/bn_007_S4259674400304151.flac,S4259674400304151,bengali,12.352,136.9645426150635,24.564862007952573,94.38743126816934,207.05298476827548,0.07669000327587128,0.04919565096497536,0.07611131298449612,0.049099948219818904,841.1191219247984,512.8393454572547,-318.6106872558594,171.6305694580078,-8.581830978393555,-0.9438178539276123,-12.744236946105957,-22.120405197143555,-13.866727828979492,-22.379365921020508,-8.959352493286133,-3.136962652206421,-13.459609031677246,-15.35229778289795,-9.59666919708252
/Users/adityasingh/Projects/Vocal-X/data_pipeline/raw/bn/bn_008_S4259674400304151.flac,S4259674400304151,bengali,6.304,148.28455890432,23.95888568353563,99.42404238175475,244.81070866093103,0.09212253987789154,0.05117921903729439,0.067138671875,0.03645363484282144,814.5373404700473,382.49648184184844,-294.21685791015625,166.71583557128906,-11.511006355285645,9.856427192687988,-8.589365005493164,-27.698444366455078,-14.159575462341309,-18.404062271118164,-17.876277923583984,-5.652712821960449,-12.856850624084473,-15.827303886413574,-11.419046401977539
/Users/adityasingh/Projects/Vocal-X/data_pipeline/raw/bn/bn_009_S4259674400304151.flac,S4259674400304151,bengali,8.974,160.9989307499343,22.116611325103165,94.93421209505193,211.89261887185907,0.11793319880962372,0.0620880201458931,0.061770184608540925,0.02850034027471767,799.4483144300465,322.1684857367448,-281.6546325683594,157.91302490234375,-10.627338409423828,14.775788307189941,-13.001753807067871,-30.35460662841797,-13.662453651428223,-18.57362174987793,-19.99286460876465,-9.12823486328125,-12.250473976135254,-12.234696388244629,-14.651436805725098
/Users/adityasingh/Projects/Vocal-X/data_pipeline/raw/bn/bn_010_S4256944600325233.flac,S4256944600325233,bengali,1.984,247.1204704188519,33.63683307740776,194.30638823072118,312.0260904053494,0.09556692093610764,0.07665915042161942,0.08476717509920635,0.030281629376323286,1032.268458997686,344.9030528943184,-309.0194396972656,122.5210952758789,-27.765947341918945,10.330404281616211,-21.067676544189453,-39.32555389404297,-16.421653747558594,-18.736797332763672,-5.478246212005615,-8.925929069519043,-12.47915267944336,-3.0562353134155273,-6.857722282409668
/Users/adityasingh/Projects/Vocal-X/data_pipeline/raw/bn/bn_011_S4256944600325233.flac,S4256944600325233,bengali,1.407,261.2381794051443,50.91748710988018,208.25243050696125,436.20309306610307,0.09136504679918289,0.06044408679008484,0.08518288352272728,0.039570019366040106,931.9770926721478,352.8383237897668,-320.5802001953125,138.84510803222656,-37.204864501953125,34.7392463684082,-23.616737365722656,-45.19136047363281,-7.6960978507995605,-22.284284591674805,-13.006941795349121,-15.40509033203125,-9.42678165435791,-0.6362074613571167,-11.750177383422852
/Users/adityasingh/Projects/Vocal-X/data_pipeline/raw/bn/bn_012_S4256944600325233.flac,S4256944600325233,bengali,19.055,228.66032550313054,28.992368511096707,176.1331747192297,358.423856764781,0.07854160666465759,0.05702453479170799,0.06547310848364093,0.03667570495760461,772.0249717406488,419.4445531886713,-340.3005676269531,121.68724822998047,-13.946239471435547,18.01249885559082,-28.287351608276367,-36.49352264404297,-11.89437198638916,-25.9638671875,-9.030752182006836,-6.0405097007751465,-8.790966033935547,-1.739571213722229,-8.15740966796875
/Users/adityasingh/Projects/Vocal-X/data_pipeline/raw/bn/bn_013_S4258791300331826.flac,S4258791300331826,bengali,7.454,153.1093611946008,24.42699696158964,91.70040432046711,218.10154653305153,0.07396484911441803,0.019002841785550117,0.09602794729077253,0.052249725605184226,1601.5775426308317,548.0706386699388,-154.2971649169922,105.61412811279297,-1.4447537660598755,13.437359809875488,-17.021434783935547,-3.1091434955596924,-0.18649409711360931,-9.657361030578613,-3.421842575073242,-1.254944086074829,-0.08083183318376541,-3.1220006942749023,-10.30640697479248
/Users/adityasingh/Projects/Vocal-X/data_pipeline/raw/bn/bn_014_S4258791300331826.flac,S4258791300331826,bengali,14.56,174.3028139397167,26.47525080350635,112.2462048309373,289.4538474880756,0.07850417494773865,0.015397951938211918,0.07653594435307018,0.03399233986245815,1274.182366679893,416.12089069334877,-166.74771118164062,128.2203826904297,-9.967698097229004,9.09832763671875,-19.59701156616211,-2.334505796432495,-8.570455551147461,-14.62894058227539,-2.5443429946899414,-5.704044342041016,-0.7723588347434998,-8.586616516113281,-9.268423080444336
/Users/adityasingh/Projects/Vocal-X/data_pipeline/raw/bn/bn_015_S4258791300331826.flac,S4258791300331826,bengali,16.96,169.0524694609066,27.07552433205046,108.42268703014184,231.07053937445463,0.07020080089569092,0.024845829233527184,0.08176641949152542,0.046161865417320286,1295.3441619338719,568.6988841711138,-212.57029724121094,129.9169921875,6.04396915435791,1.9380264282226562,-20.34808349609375,2.0467991828918457,-11.219452857971191,-16.967180252075195,-1.7659209966659546,-2.8995566368103027,1.7338465452194214,-13.672896385192871,-4.066329479217529
/Users/adityasingh/Projects/Vocal-X/data_pipeline/raw/ta/ta_001_S4258178900302423.flac,S4258178900302423,tamil,0.639,176.32616906073838,13.884010700445632,159.65967727133,224.49240966187455,0.08528700470924377,0.07104235142469406,0.058837890625,0.018279922306722065,728.5087001599247,99.21590490981467,-318.0750427246094,185.87368774414062,-24.03806495666504,10.557963371276855,-28.145023345947266,-14.585565567016602,3.243497848510742,-25.06732940673828,-0.3189016580581665,-1.8079252243041992,-10.948564529418945,-16.05813980102539,-20.436933517456055
/Users/adityasingh/Projects/Vocal-X/data_pipeline/raw/ta/ta_002_S4258178900302423.flac,S4258178900302423,tamil,1.601,212.3348078549326,15.135810388959476,188.7748625363387,239.21922434748075,0.1331600397825241,0.05247262120246887,0.07999195772058823,0.0241521850000343,924.0285410719592,131.77153268588276,-233.306640625,194.9420928955078,-83.5341796875,-2.2217955589294434,-12.198297500610352,-6.186916351318359,-0.2136223167181015,-32.453006744384766,2.943093776702881,-8.64997673034668,-26.287878036499023,-15.946307182312012,-12.502572059631348
/Users/adityasingh/Projects/Vocal-X/data_pipeline/raw/ta/ta_003_S4258178900302423.flac,S4258178900302423,tamil,0.64,188.29524028997346,4.9253265908265975,178.17974362806785,195.43199368684918,0.14010733366012573,0.061932072043418884,0.0949125744047619,0.026161199778364813,944.162485680398,127.129384717266,-220.08251953125,205.2226104736328,-88.89148712158203,-16.835681915283203,-9.433039665222168,4.1967010498046875,7.739715576171875,-29.914981842041016,-6.921840667724609,-15.479351043701172,-26.180585861206055,-19.937496185302734,-13.17860221862793
/Users/adityasingh/Projects/Vocal-X/data_pipeline/raw/ta/ta_004_S4258116500302929.flac,S4258116500302929,tamil,2.34,154.48468211777276,23.120090764283134,117.55479062836088,193.1872657849691,0.010247472673654556,0.011231455951929092,0.10195840371621621,0.08701274796307637,1477.2075578079734,724.9200225354899,-527.5890502929688,89.862060546875,49.2906379699707,18.234333038330078,3.6561906337738037,-9.442506790161133,3.1829001903533936,-18.27808952331543,-5.261777877807617,-1.1191110610961914,0.6664941310882568,1.1785222291946411,-3.357907772064209
/Users/adityasingh/Projects/Vocal-X/data_pipeline/raw/ta/ta_005_S4258116500302929.flac,S4258116500302929,tamil,17.177,138.28749622173362,20.755978149460258,84.08964152537145,185.5318233882619,0.010301687754690647,0.009935986250638962,0.10976053305400373,0.08069602047505754,1640.2386476870468,923.1820582496254,-496.75860595703125,93.14158630371094,37.849815368652344,24.743602752685547,4.272366523742676,-13.37606143951416,-1.854464054107666,-21.378040313720703,-4.003262996673584,-3.2875285148620605,0.09098614007234573,1.3480244874954224,-4.354717254638672
/Users/adityasingh/Projects/Vocal-X/data_pipeline/raw/ta/ta_006_S4258116500302929.flac,S4258116500302929,tamil,6.172,132.3278266525644,31.20625741437123,50.28964705339267,175.11872228117704,0.013499966822564602,0.011516105383634567,0.11473597393134716,0.08327033345796235,1569.4148535991385,837.4092530024978,-453.78497314453125,97.81612396240234,32.833839416503906,18.570323944091797,-1.4976146221160889,-17.15745735168457,-4.637655258178711,-22.9894962310791,-5.330209732055664,-2.1258833408355713,-0.33945003151893616,3.7187647819519043,-1.1677956581115723
/Users/adityasingh/Projects/Vocal-X/data_pipeline/raw/ta/ta_007_S4259940500370780.flac,S4259940500370780,tamil,0.544,153.9128398759604,22.58471290923418,137.3953647458089,213.12010032569688,0.04003407433629036,0.020109768956899643,0.08140733506944445,0.015686596621554395,959.5103158444545,155.36763452996712,-329.0382995605469,200.2056427001953,-77.14321899414062,-2.8471319675445557,-26.19081687927246,-12.443551063537598,1.992592453956604,-37.44112014770508,-0.26335498690605164,-6.3584065437316895,-13.619182586669922,9.097868919372559,-6.681209087371826
/Users/adityasingh/Projects/Vocal-X/data_pipeline/raw/ta/ta_008_S4259940500370780.flac,S4259940500370780,tamil,4.872,179.12141030594725,25.017580237893878,128.9370308439579,274.79072949161787,0.09311410039663315,0.0870141014456749,0.09452231413398693,0.06342795178600373,990.668378645387,575.4831283970211,-313.0697021484375,113.29312133789062,-74.68144989013672,11.479520797729492,-8.213700294494629,-18.0169677734375,-4.227437973022461,-17.425867080688477,13.419523239135742,-4.616627216339111,-18.530614852905273,3.6861839294433594,-10.344416618347168
/Users/adityasingh/Projects/Vocal-X/data_pipeline/raw/ta/ta_009_S4259940500370780.flac,S4259940500370780,tamil,0.638,191.76504801787348,50.1648093035868,157.8258294677283,286.12918648705164,0.15329936146736145,0.09133689850568771,0.099462890625,0.02375532191028527,1149.3952654228035,216.37470895730883,-204.68588256835938,175.35513305664062,-110.55479431152344,-7.208226203918457,-11.597223281860352,-14.264866828918457,-9.801612854003906,-28.313091278076172,14.04065990447998,-5.492465496063232,-11.617420196533203,5.492358207702637,-20.117557525634766
/Users/adityasingh/Projects/Vocal-X/data_pipeline/raw/ta/ta_010_S4256668200339016.flac,S4256668200339016,tamil,9.184,233.7635626787198,29.467597652307585,179.21192838239048,328.6761258343161,0.05292973294854164,0.023626722395420074,0.05417039659288195,0.031999759605076394,720.8318759678693,361.18966770464436,-370.25445556640625,175.79827880859375,-5.639866352081299,15.841910362243652,13.781112670898438,-34.9940071105957,-18.013349533081055,-0.5067406892776489,-20.670019149780273,-7.988478660583496,-3.6208889484405518,-10.700104713439941,-12.899327278137207
/Users/adityasingh/Projects/Vocal-X/data_pipeline/raw/ta/ta_011_S4256668200339016.flac,S4256668200339016,tamil,9.089,226.34296054234093,22.329480204769467,181.29427068562208,277.98364396846745,0.06549923866987228,0.026125309988856316,0.046568325109649124,0.013858768681688945,620.2015525305258,180.9152236346163,-323.7397155761719,197.575927734375,-1.2795112133026123,7.976476192474365,16.355152130126953,-18.318716049194336,-9.966059684753418,-4.818706512451172,-13.595111846923828,-0.9782065749168396,-4.285033702850342,-5.761837959289551,-4.145596027374268
/Users/adityasingh/Projects/Vocal-X/data_pipeline/raw/ta/ta_012_S4256668200339016.flac,S4256668200339016,tamil,10.814,214.530314480298,26.975074717852902,179.21192838239048,334.4212833154038,0.05247816443443298,0.023710845038294792,0.057757315551035505,0.030009049675863222,719.4003170848973,261.7884104886137,-341.05322265625,196.8101348876953,-18.122358322143555,8.477686882019043,11.806550025939941,-31.580646514892578,-12.497319221496582,-4.334144592285156,-18.014253616333008,-6.377645015716553,-4.230749607086182,-6.565822601318359,-7.982287406921387
/Users/adityasingh/Projects/Vocal-X/data_pipeline/raw/ta/ta_013_S4259477200334929.flac,S4259477200334929,tamil,7.167,251.16151730221154,31.55212253286208,182.34449771164336,418.9176491282508,0.03652502968907356,0.017814354971051216,0.11344037737165179,0.08008705122520698,1843.7295983648353,616.0400483881364,-293.30767822265625,66.18367767333984,-3.2732176780700684,37.308494567871094,-22.06968879699707,-15.931123733520508,-17.389751434326172,-16.445844650268555,7.529444217681885,-9.368733406066895,6.19767427444458,-10.907758712768555,-1.6689192056655884
/Users/adityasingh/Projects/Vocal-X/data_pipeline/raw/ta/ta_014_S4259477200334929.flac,S4259477200334929,tamil,7.17,249.87524917231536,18.107231735018075,218.10154653305153,330.5801272616847,0.041367627680301666,0.01828637346625328,0.1353146701388889,0.09046845645190346,2012.101954597482,640.0374614143724,-260.8681945800781,56.68406295776367,-9.827051162719727,27.127809524536133,-17.936704635620117,-14.629693984985352,-21.823949813842773,-10.654672622680664,7.422307014465332,-6.669952392578125,4.148221969604492,-11.640735626220703,-2.9951095581054688
/Users/adityasingh/Projects/Vocal-X/data_pipeline/raw/ta/ta_015_S4259477200334929.flac,S4259477200334929,tamil,5.344,250.78292679505088,23.96563369639179,215.59643660857103,350.237444562354,0.033992867916822433,0.014241822995245457,0.08671351841517858,0.043625875140404634,1636.197862691893,421.7068366715093,-307.5888671875,76.64614868164062,-12.108579635620117,35.489166259765625,-18.732690811157227,-16.851327896118164,-20.42783546447754,-15.274354934692383,10.351248741149902,-7.967398643493652,4.675877571105957,-14.603721618652344,1.9565433263778687
/Users/adityasingh/Projects/Vocal-X/data_pipeline/raw/te/te_001_S4257363100302319.flac,S4257363100302319,telugu,3.136,225.37831928805105,52.49143898961024,156.91681957935012,324.9009585424942,0.03128323704004288,0.02848481759428978,0.09456380208333333,0.04836218264922689,1093.9345963620192,457.2746141550316,-406.7461242675781,135.2676239013672,-60.09671401977539,13.902749061584473,-8.969958305358887,-22.54122543334961,-6.600693702697754,-20.583904266357422,-0.4558289349079132,-10.23382568359375,-14.401517868041992,-1.0660427808761597,-8.099390983581543
/Users/adityasingh/Projects/Vocal-X/data_pipeline/raw/te/te_002_S4257363100302319.flac,S4257363100302319,telugu,4.577,183.9176750379763,10.058060366916521,156.91681957935012,207.05298476827548,0.023795899003744125,0.012976277619600296,0.08165486653645833,0.047235926141667745,1047.3817521155993,397.47470285006625,-424.9420471191406,141.73861694335938,-37.89842224121094,54.02001190185547,-8.45812702178955,-45.27549362182617,-6.993738651275635,-24.246809005737305,-16.427459716796875,-13.416276931762695,-13.246514320373535,-7.374758243560791,-10.718748092651367
/Users/adityasingh/Projects/Vocal-X/data_pipeline/raw/te/te_003_S4257363100302319.flac,S4257363100302319,telugu,12.543,182.97906237406428,37.555387823317936,123.11444133449163,350.237444562354,0.03829814866185188,0.028821878135204315,0.08609195631377552,0.05010174048511453,1005.0878785422315,410.18791944479096,-377.78485107421875,130.2548370361328,-46.02819061279297,21.41338539123535,-3.833859443664551,-35.16051483154297,-14.624418258666992,-20.585573196411133,-10.395864486694336,-11.380448341369629,-12.579447746276855,-4.868859767913818,-8.549038887023926
/Users/adityasingh/Projects/Vocal-X/data_pipeline/raw/te/te_004_S4259919200330829.flac,S4259919200330829,telugu,2.656,137.45148623218697,16.614251997366697,96.59363289248455,172.11028744886602,0.10826817899942398,0.057164162397384644,0.07942708333333333,0.027958945202888177,1040.767785985825,277.6570908350855,-231.61648559570312,163.1486358642578,-64.94154357910156,22.590713500976562,-27.293001174926758,-31.126447677612305,0.8500872850418091,-22.852054595947266,-3.8534488677978516,-14.186189651489258,-9.53215217590332,-1.7354357242584229,-21.437299728393555
/Users/adityasingh/Projects/Vocal-X/data_pipeline/raw/te/te_005_S4259919200330829.flac,S4259919200330829,telugu,13.218,135.74030260731564,12.201490197541997,96.03729450510042,159.65967727133,0.08605179190635681,0.05293581634759903,0.08814773928140096,0.05008715165835608,1098.5987557469716,355.7007457201497,-265.7028503417969,137.7864227294922,-47.904090881347656,37.519081115722656,-19.454021453857422,-33.64444351196289,-7.827749729156494,-25.621309280395508,-6.458851337432861,-14.473915100097656,-7.401215076446533,-2.9213271141052246,-16.590139389038086
/Users/adityasingh/Projects/Vocal-X/data_pipeline/raw/te/te_006_S4259919200330829.flac,S4259919200330829,telugu,3.329,166.1974919677027,13.124804291064358,138.1912879967776,184.46323871718783,0.10168588906526566,0.05821346864104271,0.0658110119047619,0.023907693386807753,947.5677400249199,229.3105680740863,-271.8291931152344,147.670654296875,-48.04716491699219,31.620088577270508,-12.999417304992676,-35.451107025146484,-10.917606353759766,-30.793676376342773,-15.461421012878418,-12.978736877441406,-7.334627628326416,-3.2931954860687256,-14.315295219421387
/Users/adityasingh/Projects/Vocal-X/data_pipeline/raw/te/te_007_S4259557300391493.flac,S4259557300391493,telugu,0.544,225.4940040993194,29.34973992269874,190.9683207820833,276.38257599355524,0.09237680584192276,0.05505329743027687,0.061686197916666664,0.015418489365612032,1008.5625400506441,131.1388633036294,-203.5192108154297,181.4708251953125,-64.12924194335938,49.049293518066406,-27.123973846435547,-34.49070739746094,3.0064499378204346,-26.15403175354004,0.11102194339036942,-16.5898494720459,-16.401010513305664,1.6401571035385132,-17.63831901550293
/Users/adityasingh/Projects/Vocal-X/data_pipeline/raw/te/te_008_S4259557300391493.flac,S4259557300391493,telugu,0.735,262.84842677524864,35.25642909336356,221.91389441356898,317.4802103936399,0.09933235496282578,0.07262849807739258,0.06392238451086957,0.027180596234676425,880.004486031219,231.81552636395918,-280.62786865234375,166.26954650878906,-64.14514923095703,19.740070343017578,-2.4343128204345703,-18.693561553955078,-2.3775811195373535,-18.009801864624023,-2.329296827316284,-23.347728729248047,-24.198776245117188,-3.103052854537964,-16.8497371673584
/Users/adityasingh/Projects/Vocal-X/data_pipeline/raw/te/te_009_S4259557300391493.flac,S4259557300391493,telugu,0.64,222.96256174307126,22.739546535907696,154.22108254079407,241.99881784385852,0.03174235671758652,0.01924305409193039,0.07749720982142858,0.047363435346504,1009.637369909749,417.25648068838285,-397.8333435058594,147.75694274902344,-49.22063446044922,38.117061614990234,-7.5059428215026855,-18.80432891845703,9.53654956817627,-20.605653762817383,-4.056969165802002,-11.535405158996582,-16.698991775512695,-2.948514938354492,-17.599321365356445
/Users/adityasingh/Projects/Vocal-X/data_pipeline/raw/te/te_010_S4259010000375320.flac,S4259010000375320,telugu,1.024,305.6671492424584,29.800681773814162,246.2288826689832,344.22057489773204,0.11853587627410889,0.07442289590835571,0.08062559185606061,0.02983756643312217,979.9737834577629,156.787241955469,-269.57012939453125,164.1062774658203,-66.87650299072266,8.724396705627441,-31.20130157470703,-39.710750579833984,-2.24642014503479,-22.45012092590332,-10.374958992004395,-16.775327682495117,-14.957559585571289,1.4236938953399658,-10.55971908569336
/Users/adityasingh/Projects/Vocal-X/data_pipeline/raw/te/te_011_S4259010000375320.flac,S4259010000375320,telugu,2.081,271.55165620285453,23.30844619828226,240.60500721642333,354.3070076409443,0.1446838080883026,0.06407060474157333,0.06959487452651515,0.02227541243637869,841.8325225808062,180.94285830601538,-245.35044860839844,157.728271484375,-44.920833587646484,-0.7697048783302307,-24.85236930847168,-24.162378311157227,-2.506983995437622,-19.107580184936523,-1.4730699062347412,-10.652454376220703,-17.69173240661621,-7.588227272033691,-16.655742645263672
/Users/adityasingh/Projects/Vocal-X/data_pipeline/raw/te/te_012_S4259010000375320.flac,S4259010000375320,telugu,3.617,274.6525304996986,33.64780889306905,197.70280407057922,350.237444562354,0.1300697773694992,0.06751327961683273,0.07097210800438597,0.022268392211259473,866.6535446194335,169.79360143942458,-262.89111328125,149.779052734375,-37.41946792602539,11.071470260620117,-26.711761474609375,-38.03786849975586,-7.467567443847656,-22.414569854736328,-9.090965270996094,-5.4961724281311035,-8.891016006469727,-6.580538749694824,-12.914674758911133
/Users/adityasingh/Projects/Vocal-X/data_pipeline/raw/te/te_013_S4257321800337643.flac,S4257321800337643,telugu,2.753,287.5232832387591,68.60584047152616,202.3238880603845,459.47934199881405,0.0659148320555687,0.06238889321684837,0.07374169360632184,0.057422372146901164,1011.4338051775179,712.4340368384861,-355.32562255859375,91.76213836669922,-55.61408996582031,19.242109298706055,-29.713748931884766,-12.651477813720703,3.0891456604003906,-22.11512565612793,13.514267921447754,-4.52675199508667,-15.598099708557129,-0.6645647883415222,-8.576542854309082
/Users/adityasingh/Projects/Vocal-X/data_pipeline/raw/te/te_014_S4257321800337643.flac,S4257321800337643,telugu,1.121,226.0455262456789,31.94072151242816,187.68759933422865,317.4802103936399,0.04954563081264496,0.026465369388461113,0.08855523003472222,0.03572714470456834,1149.0177995066501,312.6064852037472,-326.940673828125,147.0080108642578,-72.28500366210938,30.85154914855957,-16.20901870727539,-12.378328323364258,-0.6546266078948975,-27.593242645263672,11.32827377319336,-13.17229175567627,-21.437217712402344,-5.865362167358398,-18.212644577026367
/Users/adityasingh/Projects/Vocal-X/data_pipeline/raw/te/te_015_S4257321800337643.flac,S4257321800337643,telugu,3.327,255.5067638617767,34.65067518306396,202.3238880603845,360.5001850443321,0.06633759289979935,0.04577135667204857,0.0948486328125,0.051684622651766675,1203.7760841886645,459.67205581422576,-312.38763427734375,134.85772705078125,-68.72767639160156,39.026283264160156,-27.592266082763672,-20.97453498840332,2.3138632774353027,-33.404911041259766,4.614254951477051,-10.654886245727539,-17.83146858215332,0.896546483039856,-16.077157974243164
/Users/adityasingh/Projects/Vocal-X/data_pipeline/raw/mr/mr_001_S4258725600395882.flac,S4258725600395882,marathi,1.703,150.5799418680864,11.063449193634165,128.9370308439579,159.65967727133,0.028038136661052704,0.03665823116898537,0.046323423032407406,0.047139216345059146,607.1147011881786,558.6955495164815,-491.45526123046875,90.77295684814453,-19.07809829711914,-3.4867916107177734,-11.261390686035156,-13.634526252746582,-10.913474082946777,-16.165019989013672,-3.3950326442718506,-5.483337879180908,-3.884761095046997,-0.3323049545288086,-6.305984020233154
/Users/adityasingh/Projects/Vocal-X/data_pipeline/raw/mr/mr_002_S4258725600395882.flac,S4258725600395882,marathi,0.599,109.53306517071252,9.8919345364939,97.15319411536059,123.11444133449163,0.051355037838220596,0.037072014063596725,0.07478412828947369,0.01620860209488029,845.4158031153024,36.68869576753259,-347.0958251953125,195.3348388671875,-61.19563293457031,-42.95372772216797,-38.77328109741211,-14.472421646118164,-5.699901580810547,-27.803749084472656,0.34077778458595276,-2.1662583351135254,-7.0169758796691895,-3.8010141849517822,-20.904926300048828
/Users/adityasingh/Projects/Vocal-X/data_pipeline/raw/mr/mr_003_S4258725600395882.flac,S4258725600395882,marathi,1.978,172.4672616322662,17.973203201203052,114.86983549970348,198.8480847635095,0.1577753871679306,0.07260919362306595,0.059586063508064516,0.014560220268199003,806.4913270183382,161.61293425091662,-264.7815246582031,160.0958709716797,-48.70703125,11.69888973236084,-15.244513511657715,-37.837013244628906,-24.939287185668945,-26.190900802612305,-2.6109321117401123,-17.469575881958008,-14.282700538635254,3.3920094966888428,-9.84000015258789
/Users/adityasingh/Projects/Vocal-X/data_pipeline/raw/mr/mr_004_S4257020900340702.flac,S4257020900340702,marathi,7.168,228.99091247236964,31.935050437836125,185.5318233882619,321.1691527453505,0.023180808871984482,0.014565624296665192,0.08440972222222222,0.055621054884228346,1321.348121934112,650.0342553255127,-395.0753479003906,106.14701080322266,-5.462942600250244,38.612701416015625,-22.908164978027344,-22.548967361450195,-16.711580276489258,-4.982536792755127,-10.175909996032715,2.10032057762146,-14.529867172241211,-1.4192553758621216,-9.30663013458252
/Users/adityasingh/Projects/Vocal-X/data_pipeline/raw/mr/mr_005_S4257020900340702.flac,S4257020900340702,marathi,8.511,236.01060049495928,30.045070315583676,164.33806291715806,297.93549262454053,0.023276841267943382,0.015775013715028763,0.08777681508458647,0.05934997040746986,1377.3350012712638,647.7930068552378,-392.8636169433594,99.88017272949219,-0.5122630000114441,40.32032012939453,-19.603269577026367,-24.924585342407227,-16.29745101928711,-5.191361427307129,-14.240880966186523,3.4540295600891113,-16.649812698364258,-3.1259827613830566,-7.684205055236816
/Users/adityasingh/Projects/Vocal-X/data_pipeline/raw/mr/mr_006_S4257020900340702.flac,S4257020900340702,marathi,15.21,238.79592116614617,34.531810946614634,164.33806291715806,364.6889954232867,0.022534050047397614,0.018682122230529785,0.08588415835084033,0.06906190559905599,1352.1478930834498,700.5662582999132,-402.4783020019531,106.33611297607422,5.687982082366943,23.485092163085938,-22.25984001159668,-16.770933151245117,-12.995683670043945,-3.696187973022461,-8.393675804138184,-4.0925774574279785,-14.914156913757324,-6.205499649047852,-5.2110819816589355
/Users/adityasingh/Projects/Vocal-X/data_pipeline/raw/mr/mr_007_S4259734500395875.flac,S4259734500395875,marathi,1.41,,,,,0.04916028305888176,0.054667484015226364,0.05991753472222222,0.04793780562377551,797.8602179974924,529.0778305101358,-397.3721008300781,119.22893524169922,-45.75040054321289,19.835813522338867,-9.25302505493164,-21.02127456665039,-0.17190337181091309,-19.38977813720703,-10.613658905029297,-6.572014808654785,-4.795770168304443,-6.843459606170654,-12.223066329956055
/Users/adityasingh/Projects/Vocal-X/data_pipeline/raw/mr/mr_008_S4259734500395875.flac,S4259734500395875,marathi,0.641,,,,,0.08048006147146225,0.053937602788209915,0.10670107886904762,0.028519900344531026,1207.6387589173519,253.88084063900897,-261.66571044921875,167.48008728027344,-89.96436309814453,29.07916831970215,-21.975576400756836,-37.28950500488281,5.261676788330078,-26.260549545288086,-14.778592109680176,-7.276861190795898,-1.6901681423187256,-5.381577491760254,-16.56032943725586
/Users/adityasingh/Projects/Vocal-X/data_pipeline/raw/mr/mr_009_S4259734500395875.flac,S4259734500395875,marathi,0.736,,,,,0.08427006006240845,0.04969190061092377,0.12034098307291667,0.028181760227069044,1206.9608670445755,110.6748377529501,-238.18011474609375,187.0976104736328,-117.08963775634766,3.0136477947235107,-18.656715393066406,-26.78113555908203,14.138225555419922,-17.11285400390625,-7.945735454559326,0.4625004529953003,3.500699281692505,-11.61417293548584,-23.57926368713379
/Users/adityasingh/Projects/Vocal-X/data_pipeline/raw/mr/mr_010_S4257242800308984.flac,S4257242800308984,marathi,1.267,226.58437478593962,115.71978748426956,110.95694720678449,390.8639873736984,0.11435774713754654,0.10223810374736786,0.0678955078125,0.037302889955362864,848.3758607634536,436.2686791403498,-323.6869201660156,137.6830291748047,-34.927371978759766,-14.707925796508789,-33.4273567199707,-8.672647476196289,14.794215202331543,-13.746126174926758,-0.9831674695014954,3.913156032562256,1.4373701810836792,-0.03382129594683647,-14.524740219116211
/Users/adityasingh/Projects/Vocal-X/data_pipeline/raw/mr/mr_011_S4257242800308984.flac,S4257242800308984,marathi,0.353,118.1597511204621,7.243221546007508,107.79821830428551,127.45606273192622,0.12419917434453964,0.06520538777112961,0.074951171875,0.022942724729453443,840.9698384829057,169.70965612034865,-261.2620849609375,189.41993713378906,-42.4893798828125,-16.17456817626953,-36.776309967041016,-11.30756664276123,16.140071868896484,-9.668953895568848,5.276512622833252,5.170919418334961,8.835314750671387,1.1818517446517944,-26.42789649963379
/Users/adityasingh/Projects/Vocal-X/data_pipeline/raw/mr/mr_012_S4257242800308984.flac,S4257242800308984,marathi,1.363,130.84413161226158,4.109039770342707,120.30250360821167,138.1912879967776,0.03487953916192055,0.050703492015600204,0.16237054869186046,0.12132756176487462,1533.0004909024588,825.5642442296161,-420.9505920410156,97.02391815185547,-26.376272201538086,39.34794998168945,-28.423519134521484,-20.996355056762695,14.510860443115234,-19.557018280029297,-0.4852718114852905,0.1632682830095291,-8.497455596923828,-2.178875207901001,-8.521389961242676
/Users/adityasingh/Projects/Vocal-X/data_pipeline/raw/mr/mr_013_S4258045600338732.flac,S4258045600338732,marathi,0.448,287.9584773075564,48.97717503309904,231.07053937445463,379.7368483802076,0.028335267677903175,0.02332933433353901,0.07620442708333333,0.01422619150986015,1098.2654727722454,141.65486196910973,-408.53228759765625,148.5249481201172,-57.817649841308594,19.248987197875977,-32.424495697021484,-41.26861572265625,4.168068885803223,-19.391332626342773,-9.351746559143066,-9.430375099182129,-14.459507942199707,-6.39876127243042,-11.100515365600586
/Users/adityasingh/Projects/Vocal-X/data_pipeline/raw/mr/mr_014_S4258045600338732.flac,S4258045600338732,marathi,2.656,254.72664370339677,55.0650278075232,174.11011265922482,418.9176491282508,0.03332176059484482,0.023259006440639496,0.09016927083333333,0.022432908707974424,1010.2109967472354,274.87553461972306,-394.0099182128906,157.8199462890625,-59.140438079833984,-3.0162198543548584,-26.88239097595215,-31.39791488647461,-10.299810409545898,-20.86092185974121,0.45891493558883667,-14.670568466186523,-16.887855529785156,1.353126883506775,-11.57111930847168
/Users/adityasingh/Projects/Vocal-X/data_pipeline/raw/mr/mr_015_S4258045600338732.flac,S4258045600338732,marathi,0.834,253.95783643040073,21.70821403148422,216.8453740602837,276.38257599355524,0.05589734762907028,0.047381967306137085,0.10962818287037036,0.03760114859527381,1152.2533040676583,240.05245068885478,-361.2159729003906,142.9119110107422,-76.91668701171875,-11.745774269104004,-7.490100860595703,-20.84931182861328,-13.155793190002441,-6.658990859985352,14.096254348754883,-15.147749900817871,-17.867177963256836,1.7182937860488892,-12.339292526245117
