audio_filepath,speaker_id,language,duration,text
/Users/adityasingh/Projects/Vocal-X/data_pipeline/raw/bn/bn_001_S4259758000344036.flac,S4259758000344036,bengali,10.868,পর্যবেক্ষণ করা আমার সব থেকে প্রিয় পাখি হয়েছে টিয়া পাখি যেটা সচরাচর আমরা ঘরেতে পালন করেও থাকি কিন্তু এছাড়াও শালিক যেটাকে আমি আরও পছন্দ করি
/Users/adityasingh/Projects/Vocal-X/data_pipeline/raw/bn/bn_002_S4259758000344036.flac,S4259758000344036,bengali,15.233,তার সকালে কিচিরমিচির আওয়াজ তার সঙ্গম প্রদর্শন গাছের মধ্যে তাদের বাসা বাঁধা এক স্থান থেকে অন্য স্থানে যাওয়া এইগুলো আমার খুব আনন্দিত লাগে আমার মনকে প্রচণ্ড প্রভাবিত করে তোলে কারণ পাখি
/Users/adityasingh/Projects/Vocal-X/data_pipeline/raw/bn/bn_003_S4259758000344036.flac,S4259758000344036,bengali,4.253,একটা প্রাকৃতিক পরিবেশের সব থেকে বড়ো সৌন্দর্য যেটা আমরা প্রত্যেকেই জেনে থাকি
/Users/adityasingh/Projects/Vocal-X/data_pipeline/raw/bn/bn_004_S4257409800358613.flac,S4257409800358613,bengali,0.401,হ্যালো
/Users/adityasingh/Projects/Vocal-X/data_pipeline/raw/bn/bn_005_S4257409800358613.flac,S4257409800358613,bengali,12.448,বলছি ভাই তোমার এইখানে যে লাইটগুলো রয়েছে আমাদের একটা ছোটো নাটক হবে আর কি সেই নাটকে এই লাইটগুলো <unintelligible> নাটকের জন্য যে যে লাইট লাগে সেইগুলো কি তুমি জানো
/Users/adityasingh/Projects/Vocal-X/data_pipeline/raw/bn/bn_006_S4257409800358613.flac,S4257409800358613,bengali,5.726,আচ্ছা নাটকের জন্য যে লাইট আচ্ছা নাটকের জন্য যে লাইটগুলো লাগে ওইগুলোর দাম কি অনেক পড়ে
/Users/adityasingh/Projects/Vocal-X/data_pipeline/raw/bn/bn_007_S4259674400304151.flac,S4259674400304151,bengali,12.352,হ্যাঁ গাছপালা হল আমার খুবই একটি শখের বিষয় আমি আমার বাড়িতে বিভিন্ন ধরনের বাগান করেছি সেইখানে অনেক ফুলের গাছ ও অনেক ফুলের গাছ লাগিয়েছি
/Users/adityasingh/Projects/Vocal-X/data_pipeline/raw/bn/bn_008_S4259674400304151.flac,S4259674400304151,bengali,6.304,যেটা বিভিন্ন ঋতুতে আমাকে বিভিন্ন রকমের ফুল ও ফল দিয়ে থাকে আমি যখন
/Users/adityasingh/Projects/Vocal-X/data_pipeline/raw/bn/bn_009_S4259674400304151.flac,S4259674400304151,bengali,8.974,যখন অনেক দিনের জন্য বাড়ি থেকে খুব দূরে চলে যাই তখন আমি এই ফুলের যত্নগুলি এবং এর জন্য খুব চিন্তায় থাকি
/Users/adityasingh/Projects/Vocal-X/data_pipeline/raw/bn/bn_010_S4256944600325233.flac,S4256944600325233,bengali,1.984,হ্যাঁ বলুন সবিতা ম্যাডাম
/Users/adityasingh/Projects/Vocal-X/data_pipeline/raw/bn/bn_011_S4256944600325233.flac,S4256944600325233,bengali,1.407,হ্যাঁ আমি দিদিভাই বলছি
/Users/adityasingh/Projects/Vocal-X/data_pipeline/raw/bn/bn_012_S4256944600325233.flac,S4256944600325233,bengali,19.055,হ্যাঁ ঠিক আছে সামনের সপ্তাহে তাহলে সমস্ত কিছু কিছু ঐ কমিটির মেন মেন সদস্য সদস্যদেরকে নিয়ে একদিন বসা যাক দিয়ে একটা আলোচনা হবে কেমন খরচ করা হবে কতজন খাওয়ানো হবে কি কি হবে সেটা নিয়ে একটা আলোচনা করা যাবে আপনি তাহলে ডেট ঠিক করুন কবে হবে
/Users/adityasingh/Projects/Vocal-X/data_pipeline/raw/bn/bn_013_S4258791300331826.flac,S4258791300331826,bengali,7.454,আমার পরিচিত আমার এক দিদি ব্যাংকে চাকরি করে মূলত দুটি পদে ব্যাংকে চাকরি পাওয়া যায় শুনেছি ক্লার্ক এবং <unintelligible> অফিসার
/Users/adityasingh/Projects/Vocal-X/data_pipeline/raw/bn/bn_014_S4258791300331826.flac,S4258791300331826,bengali,14.56,দুটি ক্ষেত্রেই যোগ্যতা এবং নিয়োগ প্রক্রিয়া ভিন্ন মানে আলাদা বেশিরভাগ ব্যাংকে ক্লার্ক পদে আবেদন করার জন্য দ্বাদশ শ্রেণী পাশ হতে হয় এবং কুড়ি থেকে আঠাশ বছরের মধ্যেও বয়স হতে হয় এবং অফিসার পদে আবেদনের জন্য একুশ থেকে তিরিশ বছর বয়স হতে হবে
/Users/adityasingh/Projects/Vocal-X/data_pipeline/raw/bn/bn_015_S4258791300331826.flac,S4258791300331826,bengali,16.96,যদিও সেরকম জন্য বয়সের ছাপ দেওয়া থাকে না বিশেষ পদের জন্য মানে অফিসারের জন্য চাকরির ক্ষেত্রে ব্যাংক এমন একটি জায়গা যাকে এক কথায় বলা যায় নিশ্চিন্ত ঠিকানা অনেকের মতে সরকারি ব্যাংক হলে আবার সুবিধা অনেকের মতে সরকারি ব্যাংক হলে আবার অসুবিধা
/Users/adityasingh/Projects/Vocal-X/data_pipeline/raw/ta/ta_001_S4258178900302423.flac,S4258178900302423,tamil,0.639,ஹலோ
/Users/adityasingh/Projects/Vocal-X/data_pipeline/raw/ta/ta_002_S4258178900302423.flac,S4258178900302423,tamil,1.601,ஆ வணக்கம்மா சொல்லும்மா
/Users/adityasingh/Projects/Vocal-X/data_pipeline/raw/ta/ta_003_S4258178900302423.flac,S4258178900302423,tamil,0.64,ஆமாம்
/Users/adityasingh/Projects/Vocal-X/data_pipeline/raw/ta/ta_004_S4258116500302929.flac,S4258116500302929,tamil,2.34,ஹலோ ஏவிஎஸ் ஹோட்டலா சார்
/Users/adityasingh/Projects/Vocal-X/data_pipeline/raw/ta/ta_005_S4258116500302929.flac,S4258116500302929,tamil,17.177,சார் நான் நாகூர்லேருந்து பேசுகிறேன் பேர் அர்ஜுன் உங்கள் ஹோட்டல் வெப்சைட் பார்த்தேன் பக்கெட் பிரியாணிக்கு ஆஃபர் போட்டிருந்தீங்க ஆஃபர் இன்னும் எத்தனை நாள் சார் இருக்குது இன்னும் மூனு நாள் இருக்கா சார் ஓகே சார் எனக்கு ஒரு எட்டு பார்சல் வேணும் சார் பக்கெட் பிரியாணி ரேட் எவ்வளோ சார்
/Users/adityasingh/Projects/Vocal-X/data_pipeline/raw/ta/ta_006_S4258116500302929.flac,S4258116500302929,tamil,6.172,ஒரு பார்சல் ஆயிரத்தி ஐநூறா சார் ஓகே சார் மொத்தம் எனக்கு எட்டு போதும் சார் ரேட் மட்டும் கொஞ்சம் கம்மி பண்ணி சொல்லுங்க சார்
/Users/adityasingh/Projects/Vocal-X/data_pipeline/raw/ta/ta_007_S4259940500370780.flac,S4259940500370780,tamil,0.544,ஹலோ
/Users/adityasingh/Projects/Vocal-X/data_pipeline/raw/ta/ta_008_S4259940500370780.flac,S4259940500370780,tamil,4.872,ஆ நான் இங்கே கா பல்லடத்திலேருந்து பேசுகிறேங்க
/Users/adityasingh/Projects/Vocal-X/data_pipeline/raw/ta/ta_009_S4259940500370780.flac,S4259940500370780,tamil,0.638,ஹலோ
/Users/adityasingh/Projects/Vocal-X/data_pipeline/raw/ta/ta_010_S4256668200339016.flac,S4256668200339016,tamil,9.184,நான் வந்து சின்ன குழந்தையா இருக்கும் போதுலேருந்தே சின்ன வயசுலேருந்தே வந்து நான் வந்து கார்டனிங் வந்து தோட்டமிடுறதுக்கு வந்து ஆரம்மிச்சிட்டேன் ஏன்னால் எனக்கு செடி வளர்க்குறது வந்து அப்போயிலேந்தே ரொம்ப பிடிக்கும் அதேமாதிரி வந்து
/Users/adityasingh/Projects/Vocal-X/data_pipeline/raw/ta/ta_011_S4256668200339016.flac,S4256668200339016,tamil,9.089,சின்ன சின்ன செடி பூச்செடிகள் அந்தமாதிரிலாம் நான் வளர்க்க ஆரம்மிச்சேன் அது மட்டும் இல்லாமல் தாவரங்கள் வந்து ரெண்டு தாவரங்கள் ஒன்று ஒட்டு ஒட்டு விதை தாவரங்கள் அந்தமாதிரிலாம் வந்து சின்ன பிள்ளையிலே வந்து பார்த்து
/Users/adityasingh/Projects/Vocal-X/data_pipeline/raw/ta/ta_012_S4256668200339016.flac,S4256668200339016,tamil,10.814,நான் யூட்யூப்லாம் பார்ப்பேன் அம்மாவோடய மொபைலில் அதில் பார்த்து தான் இது வளர்க்க ஆரம்மிச்சேன் அதேமாதிரி மாடித்தோட்டம் வைக்கிறது வந்து எனக்கு ரொம்ப பிடிக்கும் பக்கத்து வீட்டில் உள்ளவங்களலாம் பார்த்து ஒரு மாதிரி இன்ஸ்பயராகிதான் நான் அது வளர்க்க ஆரம்மிச்சேன் எனக்கு ரொம்ப பிடிக்கும் மாடித்தோட்டம்லாம் அதேமாதிரி
/Users/adityasingh/Projects/Vocal-X/data_pipeline/raw/ta/ta_013_S4259477200334929.flac,S4259477200334929,tamil,7.167,ஒரு டைம் வந்து நாங்கள் வந்து டெல்லி போயிருந்தோம் அப்போது வந்து போயிட்டுருக்கும்போது சென்னை வரைக்கும் எதுவும் தெரிவிக்கலை டெல்லி போனோடன்னையும்
/Users/adityasingh/Projects/Vocal-X/data_pipeline/raw/ta/ta_014_S4259477200334929.flac,S4259477200334929,tamil,7.17,அங்கே வந்து ஒரு சாப்பாடு கடைக்கு வந்து சாப்பிட போயிருந்தோம் அங்கே பேசறவங்கலாம் வேறு வேறு மொழியில் பேசினாங்க எங்களுக்கு வந்து புரியவே இல்லை
/Users/adityasingh/Projects/Vocal-X/data_pipeline/raw/ta/ta_015_S4259477200334929.flac,S4259477200334929,tamil,5.344,புரியாமல் இருக்கும்போது என்ன பண்ணுறதுன்னு தெரியலை அப்புறோம் எங்கள் ரிலேட்டிவ் வந்து ஒரு எங்கள் மாமா இருந்தார்
