speaker_id,language,duration_sec,pitch_mean_hz,pitch_std_hz,pitch_min_hz,pitch_max_hz,rms_mean,rms_std,zcr_mean,zcr_std,spectral_centroid_mean_hz,spectral_centroid_std_hz,recordings_used
S4256668200339016,tamil,9.695666666666666,224.8789459004529,26.25738419164332,179.90604248346767,313.69368437272914,0.0569690453509489,0.02448762580752367,0.052832012417855505,0.025289192654209466,686.8112485277642,267.9644339426248,3
S4256944600325233,bengali,7.481999999999999,245.67299177570894,37.84889623279488,192.89733115230402,368.88434674541116,0.0884911914666493,0.06470925733447071,0.07847438903519145,0.035509117899989305,912.0901744701608,372.39530995758554,3
S4257020900340702,marathi,10.296333333333333,234.59914471115837,32.17064390001148,171.40264974085935,327.9312135977259,0.0229972333957751,0.01634092008074117,0.0860235652192163,0.061344310296918,1350.2770054296086,666.1311734935546,3
S4257242800308984,marathi,0.9943333333333332,158.52941917288777,42.35734960020659,113.01922303976056,218.83711270080076,0.09114548688133554,0.07271566117803253,0.10173907612645346,0.06052439214989693,1074.1153967162727,477.1808598301048,3
S4257321800337643,telugu,2.4003333333333337,256.35852444873825,45.06574572233942,197.44512515166585,379.153245812262,0.06059935192267096,0.04487520642578596,0.08571518548451466,0.04827804650107867,1121.4092296242773,494.9041926188197,3
S4257363100302319,telugu,6.752,197.42501890003055,33.368295726614896,145.64936016439728,294.0637959577079,0.031125761568546236,0.023427657783031398,0.0874368749778557,0.048566616425336336,1048.8014090066167,421.64574548329625,3
S4257409800358613,bengali,6.191666666666666,268.0927174826922,35.36956076349343,191.90052347461378,358.0124559626442,0.1118769894043604,0.0623306607206662,0.10335272469470703,0.0373308039712575,1217.1546314342197,349.2587629977095,3
S4258045600338732,marathi,1.3126666666666666,265.5476524804513,41.91680562403548,207.34200869798772,358.3456911673379,0.039184791967272696,0.031323436026771796,0.0920006269290123,0.0247534162710361,1086.9099245290463,218.86094909256255,3
S4258116500302929,tamil,8.563,141.7000016640236,25.02744210937154,83.978026402375,184.612603818136,0.011349709083636568,0.010894515862067466,0.10881830356718901,0.08365970063203203,1562.287019698053,828.5037779292044,3
S4258178900302423,tamil,0.96,192.31873906854813,11.315049226743902,175.53809447857884,219.7145425654015,0.11951812605063117,0.061815681556860534,0.07791414091678338,0.022864435695040364,865.5665756374274,119.37227410432115,3
S4258240200343210,hi,4.456333333333333,139.45297149647791,15.18601072261517,100.92699528203848,179.65174713242357,0.03168654317657146,0.014206124469637834,0.06626110229227143,0.0398553951775486,1447.3345712938947,521.5070741737455,3
S4258725600395882,marathi,1.4266666666666667,144.19342289035504,12.97619564377704,113.65335348634066,160.54073445644372,0.07905618722240126,0.048779812951882634,0.060231204943315166,0.0259693462360461,753.0072771072731,252.3323931783102,3
S4258791300331826,bengali,12.991333333333335,165.4882148650747,25.992590699048815,104.12309872718208,246.20864446519394,0.07422327498594918,0.019748874319096367,0.08477677037845599,0.044134643628320834,1390.3680237481988,510.96347117813383,3
S4259010000375320,telugu,2.2406666666666664,283.9571119816705,28.918978955055156,228.17889798532858,349.58834236701006,0.1310964872439702,0.06866892675558724,0.0737308581289872,0.024793790360253365,896.1532835526674,169.1745672336363,3
S4259161200398412,hi,1.3756666666666666,116.89446605079074,14.409967636904048,97.32119503754446,160.88198069008993,0.023824713503320966,0.010638250658909434,0.08601009001161436,0.10080478281093984,1556.6308998280238,989.2651891569548,3
S4259477200334929,tamil,6.560333333333333,250.6065644231926,24.541662654757317,205.3474936177553,366.57840698409655,0.03729517509539917,0.0167808504775166,0.11182285530857304,0.07139379427250497,1830.6764718847369,559.2614488246727,3
S4259552600341552,hi,0.801,157.89651008521656,21.322538264482162,130.81737327119518,188.80302553988105,0.1172918950517972,0.06808420270681374,0.08370671347966267,0.0227926172471576,980.0773331965088,149.48748251325705,3
S4259557300391493,telugu,0.6396666666666667,237.10166420587976,29.11523851732333,189.03443257881545,278.6205347436846,0.07448383917411164,0.048974949866533196,0.06770193074965487,0.02998750698226413,966.068131997204,260.07029011865717,3
S4259674400304151,bengali,9.21,148.7493440897726,23.546786338863786,96.24856191499201,221.25210410035518,0.09558191398779547,0.054154296716054234,0.06834005648934567,0.03801797444578597,818.3682589416308,405.8347710119494,3
S4259734500395875,marathi,0.9289999999999999,,,,,0.0713034681975841,0.052765662471453305,0.09565319888806213,0.03487982206512517,1070.8199479864734,297.8778363006983,3
S4259758000344036,bengali,10.118,213.71610220299473,23.76583100066989,158.21198110015905,274.30886400991767,0.054552463193734434,0.03202594630420203,0.13011450553288315,0.06931751926838871,1725.0690595826802,629.015814916439,3
S4259918700378788,hi,14.514000000000001,168.1776511222806,18.50532858928831,121.82131496106211,219.38537962052047,0.03911589706937466,0.028436531623204503,0.11666270850195166,0.09891811245936237,1768.111060010637,992.4453537302946,3
S4259919200330829,telugu,6.401,146.46309360240176,13.980182161991017,110.27407179812086,172.07773447912794,0.09866861999034876,0.05610448246200877,0.07779527817316538,0.0339845967493506,1028.978093919239,287.55613487644047,3
S4259940500370780,tamil,2.0180000000000002,174.93309939992704,32.589034150238284,141.38607501916502,258.01333876812214,0.0954825120667616,0.0661535896360874,0.09179751327614377,0.034289956772614406,1033.1913199708818,315.7418239614323,3
S4259997700308565,hi,21.894000000000002,232.7217860428499,27.55400172196158,156.15997062179903,327.44313575624,0.0585542532304922,0.036770836139718634,0.09228418379588717,0.05074273435870177,1469.7482827646115,555.9398367816949,3
