audio_filepath,speaker_id,language,duration,text
data_pipeline/raw/hi/hi_001_S4259997700308565.flac,S4259997700308565,hi,25.694,मैं थ्री फोर फाइव सिक्स मैं पेल ड्राइव कोलकाता पश्चिम बंगाल पिन कोड सेवेन जीरो जीरो जीरो बैंक में बुकिंग संदर्भ संख्या सिक्स जीरो सिक्स नाइन ऐट नाइन वन जीरो फोर जीरो ऐट के साथ वाणिज्यिक गैस वितरण सेवा पर प्रतिक्रिया देना चाहता हूँ मेरी प्रतिक्रिया यह है कि बढ़िया सेवा शीघ्र वितरण और विनम्र कर्मचारी धन्यवाद
data_pipeline/raw/hi/hi_002_S4259997700308565.flac,S4259997700308565,hi,21.849,मैं अपने पासपोर्ट आवेदन की स्थिति के बारे में सोच रहा हूँ क्या आप आवेदन आई डी ए पी एल टू जीरो टू थ्री जीरो फोर वन सेवन जीरो वन वन और मेरे पासपोर्ट नम्बर के अंतिम चार अंकों टू फाइव सेवन वन का उपयोग करके इसे देख सकते हैं
data_pipeline/raw/hi/hi_003_S4259997700308565.flac,S4259997700308565,hi,18.139,क्या आप मेरे पासपोर्ट आवेदन पर एक अद्यतन जानकारी दे सकते हैं आवेदन आई डी ए पी एल टू जीरो टू थ्री जीरो फोर वन सेवन जीरो जीरो नाइन है और मेरे पासपोर्ट नम्बर के अंतिम चार अंक वन सेवन सेवन फाइव हैं
data_pipeline/raw/hi/hi_004_S4259161200398412.flac,S4259161200398412,hi,1.311,योग
data_pipeline/raw/hi/hi_005_S4259161200398412.flac,S4259161200398412,hi,0.8320000000000001,दर्शन
data_pipeline/raw/hi/hi_006_S4259161200398412.flac,S4259161200398412,hi,1.984,योग दर्शन के जो हैं
data_pipeline/raw/hi/hi_007_S4258240200343210.flac,S4258240200343210,hi,0.671,नौ
data_pipeline/raw/hi/hi_008_S4258240200343210.flac,S4258240200343210,hi,12.116,मुझे अपने पासपोर्ट आवेदन की इस्थिति जानने की आवश्यकता है मेरी आवेदन आइ डी ए पी एल बीस तेइस ज़ीरो चार सतरह ज़ीरो चौदह है और मेरी पासपोर्ट सँख्या अन्तिम चार अंक अड़तालीस बावन हैं
data_pipeline/raw/hi/hi_009_S4258240200343210.flac,S4258240200343210,hi,0.582,बंद
data_pipeline/raw/hi/hi_010_S4259552600341552.flac,S4259552600341552,hi,0.866,पालन
data_pipeline/raw/hi/hi_011_S4259552600341552.flac,S4259552600341552,hi,0.794,बोलें हलो
data_pipeline/raw/hi/hi_012_S4259552600341552.flac,S4259552600341552,hi,0.743,नमस्कार
data_pipeline/raw/hi/hi_013_S4259918700378788.flac,S4259918700378788,hi,8.033,पाकिस्तान आफिस्तान चीन बांग्लादेश मयन्मार और भूटान
data_pipeline/raw/hi/hi_014_S4259918700378788.flac,S4259918700378788,hi,17.685,खेल में समय के साथ बहुत ज्यादा प्रगति और विकास हुआ जिसमें अ खिलाड़ियों को विभिन्न भूत भूत पूर्व और सुविधा दिया गया पहले खेल में बहुत कम सुविधा मिलती थी जैसे आदमी को हेलमेट नहीं था और भी बहुत कुछ था खेलने में इंजरी आ जाती थी
data_pipeline/raw/hi/hi_015_S4259918700378788.flac,S4259918700378788,hi,17.824,जिसके कारण उस उसके लिए विभिन्न प्रकार का वैकल्पिक एवं एवं व्यवस्था किया गया जिसमें खिलाड़ी को किसी प्रकार का कोई खेलने में प्रॉब्लम नहीं होती है और उसकी सेफ्टी भी बढ़ गई है जिसके कारण उसको कम से कम चोट चोट यानी कम से कम लगती है
